[{"model": "contenttypes.contenttype", "pk": 1, "fields": {"app_label": "admin", "model": "logentry"}}, {"model": "contenttypes.contenttype", "pk": 2, "fields": {"app_label": "auth", "model": "permission"}}, {"model": "contenttypes.contenttype", "pk": 3, "fields": {"app_label": "auth", "model": "group"}}, {"model": "contenttypes.contenttype", "pk": 4, "fields": {"app_label": "auth", "model": "user"}}, {"model": "contenttypes.contenttype", "pk": 5, "fields": {"app_label": "contenttypes", "model": "contenttype"}}, {"model": "contenttypes.contenttype", "pk": 6, "fields": {"app_label": "sessions", "model": "session"}}, {"model": "contenttypes.contenttype", "pk": 8, "fields": {"app_label": "advertisements", "model": "category"}}, {"model": "contenttypes.contenttype", "pk": 9, "fields": {"app_label": "advertisements", "model": "subcategory"}}, {"model": "contenttypes.contenttype", "pk": 10, "fields": {"app_label": "advertisements", "model": "advertisement"}}, {"model": "contenttypes.contenttype", "pk": 11, "fields": {"app_label": "advertisements", "model": "city"}}, {"model": "contenttypes.contenttype", "pk": 12, "fields": {"app_label": "profiles", "model": "profile"}}, {"model": "sessions.session", "pk": "1fexwdbtynmg6uxpzl3bv7wtgn7usovw", "fields": {"session_data": "NTQ3NzE5YmE3NWRkZTJjM2ViNGU4ZWY3MjY2YTQ2NDY2NmQzZTEwMzp7Il9hdXRoX3VzZXJfaGFzaCI6ImY2MzQ2MmFjZWJlN2FmYmM5ZjAxMDBlMjAxODU5OGJkM2FkYWNhYTkiLCJfYXV0aF91c2VyX2JhY2tlbmQiOiJkamFuZ28uY29udHJpYi5hdXRoLmJhY2tlbmRzLk1vZGVsQmFja2VuZCIsIl9hdXRoX3VzZXJfaWQiOiIxIn0=", "expire_date": "2016-04-22T17:09:47.043Z"}}, {"model": "advertisements.city", "pk": 1, "fields": {"title": "New York"}}, {"model": "advertisements.city", "pk": 2, "fields": {"title": "Los Angeles"}}, {"model": "advertisements.city", "pk": 3, "fields": {"title": "Chicago "}}, {"model": "advertisements.city", "pk": 4, "fields": {"title": "Houston "}}, {"model": "advertisements.city", "pk": 5, "fields": {"title": "Phoenix "}}, {"model": "advertisements.city", "pk": 6, "fields": {"title": "Philadelphia "}}, {"model": "advertisements.city", "pk": 7, "fields": {"title": "San Antonio "}}, {"model": "advertisements.city", "pk": 8, "fields": {"title": "San Diego "}}, {"model": "advertisements.city", "pk": 9, "fields": {"title": "Dallas "}}, {"model": "advertisements.city", "pk": 10, "fields": {"title": "San Jose "}}, {"model": "advertisements.city", "pk": 11, "fields": {"title": "Detroit "}}, {"model": "advertisements.city", "pk": 12, "fields": {"title": "Jacksonville "}}, {"model": "advertisements.city", "pk": 13, "fields": {"title": "Indianapolis"}}, {"model": "advertisements.city", "pk": 14, "fields": {"title": "San Francisco "}}, {"model": "advertisements.city", "pk": 15, "fields": {"title": "Columbus "}}, {"model": "advertisements.city", "pk": 16, "fields": {"title": "Austin "}}, {"model": "advertisements.city", "pk": 17, "fields": {"title": "Memphis "}}, {"model": "advertisements.city", "pk": 18, "fields": {"title": "Fort Worth "}}, {"model": "advertisements.city", "pk": 19, "fields": {"title": "Baltimore "}}, {"model": "advertisements.city", "pk": 20, "fields": {"title": "Charlotte "}}, {"model": "advertisements.category", "pk": 1, "fields": {"title": "for sale"}}, {"model": "advertisements.category", "pk": 2, "fields": {"title": "housing"}}, {"model": "advertisements.category", "pk": 3, "fields": {"title": "jobs"}}, {"model": "advertisements.category", "pk": 4, "fields": {"title": "services"}}, {"model": "advertisements.category", "pk": 5, "fields": {"title": "gigs"}}, {"model": "advertisements.category", "pk": 6, "fields": {"title": "community"}}, {"model": "advertisements.subcategory", "pk": 1, "fields": {"title": "appliances", "category": 1}}, {"model": "advertisements.subcategory", "pk": 2, "fields": {"title": "activities", "category": 6}}, {"model": "advertisements.subcategory", "pk": 3, "fields": {"title": "artists", "category": 6}}, {"model": "advertisements.subcategory", "pk": 4, "fields": {"title": "office", "category": 2}}, {"model": "advertisements.subcategory", "pk": 5, "fields": {"title": "realestate", "category": 2}}, {"model": "advertisements.subcategory", "pk": 6, "fields": {"title": "admin", "category": 3}}, {"model": "advertisements.subcategory", "pk": 7, "fields": {"title": "government", "category": 3}}, {"model": "advertisements.subcategory", "pk": 8, "fields": {"title": "bikes", "category": 1}}, {"model": "advertisements.subcategory", "pk": 9, "fields": {"title": "computer", "category": 5}}, {"model": "advertisements.subcategory", "pk": 10, "fields": {"title": "creative", "category": 5}}, {"model": "advertisements.subcategory", "pk": 11, "fields": {"title": "automotive", "category": 4}}, {"model": "advertisements.subcategory", "pk": 12, "fields": {"title": "beauty", "category": 4}}, {"model": "auth.permission", "pk": 1, "fields": {"name": "Can add log entry", "content_type": 1, "codename": "add_logentry"}}, {"model": "auth.permission", "pk": 2, "fields": {"name": "Can change log entry", "content_type": 1, "codename": "change_logentry"}}, {"model": "auth.permission", "pk": 3, "fields": {"name": "Can delete log entry", "content_type": 1, "codename": "delete_logentry"}}, {"model": "auth.permission", "pk": 4, "fields": {"name": "Can add permission", "content_type": 2, "codename": "add_permission"}}, {"model": "auth.permission", "pk": 5, "fields": {"name": "Can change permission", "content_type": 2, "codename": "change_permission"}}, {"model": "auth.permission", "pk": 6, "fields": {"name": "Can delete permission", "content_type": 2, "codename": "delete_permission"}}, {"model": "auth.permission", "pk": 7, "fields": {"name": "Can add group", "content_type": 3, "codename": "add_group"}}, {"model": "auth.permission", "pk": 8, "fields": {"name": "Can change group", "content_type": 3, "codename": "change_group"}}, {"model": "auth.permission", "pk": 9, "fields": {"name": "Can delete group", "content_type": 3, "codename": "delete_group"}}, {"model": "auth.permission", "pk": 10, "fields": {"name": "Can add user", "content_type": 4, "codename": "add_user"}}, {"model": "auth.permission", "pk": 11, "fields": {"name": "Can change user", "content_type": 4, "codename": "change_user"}}, {"model": "auth.permission", "pk": 12, "fields": {"name": "Can delete user", "content_type": 4, "codename": "delete_user"}}, {"model": "auth.permission", "pk": 13, "fields": {"name": "Can add content type", "content_type": 5, "codename": "add_contenttype"}}, {"model": "auth.permission", "pk": 14, "fields": {"name": "Can change content type", "content_type": 5, "codename": "change_contenttype"}}, {"model": "auth.permission", "pk": 15, "fields": {"name": "Can delete content type", "content_type": 5, "codename": "delete_contenttype"}}, {"model": "auth.permission", "pk": 16, "fields": {"name": "Can add session", "content_type": 6, "codename": "add_session"}}, {"model": "auth.permission", "pk": 17, "fields": {"name": "Can change session", "content_type": 6, "codename": "change_session"}}, {"model": "auth.permission", "pk": 18, "fields": {"name": "Can delete session", "content_type": 6, "codename": "delete_session"}}, {"model": "auth.permission", "pk": 22, "fields": {"name": "Can add category", "content_type": 8, "codename": "add_category"}}, {"model": "auth.permission", "pk": 23, "fields": {"name": "Can change category", "content_type": 8, "codename": "change_category"}}, {"model": "auth.permission", "pk": 24, "fields": {"name": "Can delete category", "content_type": 8, "codename": "delete_category"}}, {"model": "auth.permission", "pk": 25, "fields": {"name": "Can add sub category", "content_type": 9, "codename": "add_subcategory"}}, {"model": "auth.permission", "pk": 26, "fields": {"name": "Can change sub category", "content_type": 9, "codename": "change_subcategory"}}, {"model": "auth.permission", "pk": 27, "fields": {"name": "Can delete sub category", "content_type": 9, "codename": "delete_subcategory"}}, {"model": "auth.permission", "pk": 28, "fields": {"name": "Can add advertisement", "content_type": 10, "codename": "add_advertisement"}}, {"model": "auth.permission", "pk": 29, "fields": {"name": "Can change advertisement", "content_type": 10, "codename": "change_advertisement"}}, {"model": "auth.permission", "pk": 30, "fields": {"name": "Can delete advertisement", "content_type": 10, "codename": "delete_advertisement"}}, {"model": "auth.permission", "pk": 31, "fields": {"name": "Can add city", "content_type": 11, "codename": "add_city"}}, {"model": "auth.permission", "pk": 32, "fields": {"name": "Can change city", "content_type": 11, "codename": "change_city"}}, {"model": "auth.permission", "pk": 33, "fields": {"name": "Can delete city", "content_type": 11, "codename": "delete_city"}}, {"model": "auth.permission", "pk": 34, "fields": {"name": "Can add profile", "content_type": 12, "codename": "add_profile"}}, {"model": "auth.permission", "pk": 35, "fields": {"name": "Can change profile", "content_type": 12, "codename": "change_profile"}}, {"model": "auth.permission", "pk": 36, "fields": {"name": "Can delete profile", "content_type": 12, "codename": "delete_profile"}}, {"model": "auth.user", "pk": 1, "fields": {"password": "pbkdf2_sha256$24000$pumKGJy1SKNA$giTM5NzdDK4Hhou8YFXX0lx+3R89q20erhbDcG/xUR4=", "last_login": "2016-04-08T17:09:47.029Z", "is_superuser": true, "username": "Aaron", "first_name": "", "last_name": "", "email": "adscruggs@yahoo.com", "is_staff": true, "is_active": true, "date_joined": "2016-04-07T19:49:37.898Z", "groups": [], "user_permissions": []}}, {"model": "advertisements.advertisement", "pk": 1, "fields": {"title": "broom", "description": "This is an awesome broom.", "price": 100, "phone_number": null, "image": "", "email": null, "zipcode": null, "city": null, "subcategory": 1, "user": 1, "created_time": "2016-04-07T19:53:18.264Z", "modified_time": "2016-04-07T19:53:18.264Z"}}, {"model": "advertisements.advertisement", "pk": 2, "fields": {"title": "carabiner", "description": "awesome carabiner", "price": 19, "phone_number": null, "image": "", "email": "vbahringer@gmail.com", "zipcode": null, "city": 4, "subcategory": 1, "user": null, "created_time": "2016-04-08T17:28:15.723Z", "modified_time": "2016-04-08T17:28:15.723Z"}}, {"model": "advertisements.advertisement", "pk": 3, "fields": {"title": "toaster", "description": "e-enable clicks-and-mortar channels", "price": 188, "phone_number": null, "image": "", "email": "ebradtke@hotmail.com", "zipcode": null, "city": 11, "subcategory": 10, "user": null, "created_time": "2016-04-08T17:30:20.732Z", "modified_time": "2016-04-08T17:30:20.732Z"}}, {"model": "advertisements.advertisement", "pk": 4, "fields": {"title": "spatula", "description": "enable bleeding-edge functionalities", "price": 66, "phone_number": null, "image": "", "email": "thieldoretta@yahoo.com", "zipcode": null, "city": 1, "subcategory": 7, "user": null, "created_time": "2016-04-08T17:30:20.736Z", "modified_time": "2016-04-08T17:30:20.736Z"}}, {"model": "advertisements.advertisement", "pk": 5, "fields": {"title": "spoons", "description": "repurpose web-enabled e-services", "price": 74, "phone_number": null, "image": "", "email": "linnie96@yahoo.com", "zipcode": null, "city": 2, "subcategory": 10, "user": null, "created_time": "2016-04-08T17:30:20.741Z", "modified_time": "2016-04-08T17:30:20.741Z"}}, {"model": "advertisements.advertisement", "pk": 6, "fields": {"title": "cups", "description": "monetize one-to-one vortals", "price": 102, "phone_number": null, "image": "", "email": "dhowell@gmail.com", "zipcode": null, "city": 12, "subcategory": 8, "user": null, "created_time": "2016-04-08T17:30:20.744Z", "modified_time": "2016-04-08T17:30:20.744Z"}}, {"model": "advertisements.advertisement", "pk": 7, "fields": {"title": "forks", "description": "facilitate cross-platform paradigms", "price": 192, "phone_number": null, "image": "", "email": "mazie66@gmail.com", "zipcode": null, "city": 11, "subcategory": 10, "user": null, "created_time": "2016-04-08T17:30:20.748Z", "modified_time": "2016-04-08T17:30:20.748Z"}}, {"model": "advertisements.advertisement", "pk": 8, "fields": {"title": "mugs", "description": "reinvent one-to-one portals", "price": 174, "phone_number": null, "image": "", "email": "lennon35@gmail.com", "zipcode": null, "city": 9, "subcategory": 5, "user": null, "created_time": "2016-04-08T17:30:20.752Z", "modified_time": "2016-04-08T17:30:20.752Z"}}, {"model": "advertisements.advertisement", "pk": 9, "fields": {"title": "spoons", "description": "enhance user-centric networks", "price": 138, "phone_number": null, "image": "", "email": "dwaters@hotmail.com", "zipcode": null, "city": 5, "subcategory": 3, "user": null, "created_time": "2016-04-08T17:30:20.756Z", "modified_time": "2016-04-08T17:30:20.756Z"}}, {"model": "advertisements.advertisement", "pk": 10, "fields": {"title": "bowls", "description": "transform sticky methodologies", "price": 104, "phone_number": null, "image": "", "email": "ebertbernardo@bergnaum-sauer.biz", "zipcode": null, "city": 19, "subcategory": 7, "user": null, "created_time": "2016-04-08T17:30:20.764Z", "modified_time": "2016-04-08T17:30:20.764Z"}}, {"model": "advertisements.advertisement", "pk": 11, "fields": {"title": "plates", "description": "aggregate web-enabled communities", "price": 135, "phone_number": null, "image": "", "email": "clark45@rodriguez.com", "zipcode": null, "city": 15, "subcategory": 7, "user": null, "created_time": "2016-04-08T17:30:20.767Z", "modified_time": "2016-04-08T17:30:20.767Z"}}, {"model": "advertisements.advertisement", "pk": 12, "fields": {"title": "placemats", "description": "innovate out-of-the-box ROI", "price": 62, "phone_number": null, "image": "", "email": "rempellee@yahoo.com", "zipcode": null, "city": 7, "subcategory": 2, "user": null, "created_time": "2016-04-08T17:30:20.772Z", "modified_time": "2016-04-08T17:30:20.772Z"}}, {"model": "advertisements.advertisement", "pk": 13, "fields": {"title": "mixing bowls", "description": "drive ubiquitous systems", "price": 195, "phone_number": null, "image": "", "email": "kareenblock@jaskolski.org", "zipcode": null, "city": 15, "subcategory": 5, "user": null, "created_time": "2016-04-08T17:30:20.775Z", "modified_time": "2016-04-08T17:30:20.775Z"}}, {"model": "advertisements.advertisement", "pk": 14, "fields": {"title": "glasses", "description": "leverage dynamic communities", "price": 97, "phone_number": null, "image": "", "email": "lurakoss@gmail.com", "zipcode": null, "city": 18, "subcategory": 7, "user": null, "created_time": "2016-04-08T17:30:20.779Z", "modified_time": "2016-04-08T17:30:20.779Z"}}, {"model": "advertisements.advertisement", "pk": 15, "fields": {"title": "fruit bowl", "description": "incubate sexy platforms", "price": 20, "phone_number": null, "image": "", "email": "fborer@keeling.com", "zipcode": null, "city": 6, "subcategory": 9, "user": null, "created_time": "2016-04-08T17:30:20.782Z", "modified_time": "2016-04-08T17:30:20.782Z"}}, {"model": "advertisements.advertisement", "pk": 16, "fields": {"title": "clocks", "description": "envisioneer dynamic networks", "price": 57, "phone_number": null, "image": "", "email": "elgie93@gmail.com", "zipcode": null, "city": 2, "subcategory": 2, "user": null, "created_time": "2016-04-08T17:30:20.785Z", "modified_time": "2016-04-08T17:30:20.785Z"}}, {"model": "advertisements.advertisement", "pk": 17, "fields": {"title": "curtains", "description": "synthesize out-of-the-box networks", "price": 117, "phone_number": null, "image": "", "email": "kundejalen@gmail.com", "zipcode": null, "city": 13, "subcategory": 12, "user": null, "created_time": "2016-04-08T17:30:20.789Z", "modified_time": "2016-04-08T17:30:20.789Z"}}, {"model": "advertisements.advertisement", "pk": 18, "fields": {"title": "cushions", "description": "enhance extensible e-services", "price": 136, "phone_number": null, "image": "", "email": "msanford@buckridge.com", "zipcode": null, "city": 13, "subcategory": 11, "user": null, "created_time": "2016-04-08T17:30:20.794Z", "modified_time": "2016-04-08T17:30:20.794Z"}}, {"model": "advertisements.advertisement", "pk": 19, "fields": {"title": "pictures", "description": "morph efficient niches", "price": 163, "phone_number": null, "image": "", "email": "alexis21@hotmail.com", "zipcode": null, "city": 18, "subcategory": 12, "user": null, "created_time": "2016-04-08T17:30:20.798Z", "modified_time": "2016-04-08T17:30:20.798Z"}}, {"model": "advertisements.advertisement", "pk": 20, "fields": {"title": "hi-fi/stereo", "description": "scale integrated schemas", "price": 164, "phone_number": null, "image": "", "email": "willverner@gmail.com", "zipcode": null, "city": 12, "subcategory": 4, "user": null, "created_time": "2016-04-08T17:30:20.801Z", "modified_time": "2016-04-08T17:30:20.801Z"}}, {"model": "advertisements.advertisement", "pk": 21, "fields": {"title": "DVDs", "description": "envisioneer plug-and-play users", "price": 61, "phone_number": null, "image": "", "email": "dioniciopfannerstill@hotmail.com", "zipcode": null, "city": 14, "subcategory": 7, "user": null, "created_time": "2016-04-08T17:30:20.807Z", "modified_time": "2016-04-08T17:30:20.807Z"}}, {"model": "advertisements.advertisement", "pk": 22, "fields": {"title": "CDs", "description": "deliver best-of-breed eyeballs", "price": 65, "phone_number": null, "image": "", "email": "keelingbode@wilkinson.com", "zipcode": null, "city": 8, "subcategory": 12, "user": null, "created_time": "2016-04-08T17:30:20.813Z", "modified_time": "2016-04-08T17:30:20.813Z"}}, {"model": "advertisements.advertisement", "pk": 23, "fields": {"title": "vases", "description": "transform web-enabled action-items", "price": 183, "phone_number": null, "image": "", "email": "ufisher@west.org", "zipcode": null, "city": 4, "subcategory": 10, "user": null, "created_time": "2016-04-08T17:30:20.818Z", "modified_time": "2016-04-08T17:30:20.818Z"}}, {"model": "advertisements.advertisement", "pk": 24, "fields": {"title": "books", "description": "drive e-business action-items", "price": 32, "phone_number": null, "image": "", "email": "armstrongalvena@gmail.com", "zipcode": null, "city": 12, "subcategory": 5, "user": null, "created_time": "2016-04-08T17:30:20.822Z", "modified_time": "2016-04-08T17:30:20.822Z"}}, {"model": "advertisements.advertisement", "pk": 25, "fields": {"title": "jugs", "description": "morph world-class portals", "price": 120, "phone_number": null, "image": "", "email": "gtreutel@hoeger.com", "zipcode": null, "city": 2, "subcategory": 5, "user": null, "created_time": "2016-04-08T17:30:20.825Z", "modified_time": "2016-04-08T17:30:20.825Z"}}, {"model": "advertisements.advertisement", "pk": 26, "fields": {"title": "saucepans", "description": "grow back-end schemas", "price": 176, "phone_number": null, "image": "", "email": "leo13@gmail.com", "zipcode": null, "city": 19, "subcategory": 1, "user": null, "created_time": "2016-04-08T17:30:20.828Z", "modified_time": "2016-04-08T17:30:20.828Z"}}, {"model": "advertisements.advertisement", "pk": 27, "fields": {"title": "knives", "description": "maximize plug-and-play networks", "price": 52, "phone_number": null, "image": "", "email": "alisha01@towne.biz", "zipcode": null, "city": 15, "subcategory": 8, "user": null, "created_time": "2016-04-08T17:30:20.832Z", "modified_time": "2016-04-08T17:30:20.832Z"}}, {"model": "advertisements.advertisement", "pk": 28, "fields": {"title": "hooks", "description": "re-contextualize innovative platforms", "price": 194, "phone_number": null, "image": "", "email": "walkervalerie@treutel-mayert.com", "zipcode": null, "city": 4, "subcategory": 7, "user": null, "created_time": "2016-04-08T17:30:20.835Z", "modified_time": "2016-04-08T17:30:20.835Z"}}, {"model": "advertisements.advertisement", "pk": 29, "fields": {"title": "clothes", "description": "matrix killer action-items", "price": 185, "phone_number": null, "image": "", "email": "roobspring@gmail.com", "zipcode": null, "city": 15, "subcategory": 4, "user": null, "created_time": "2016-04-08T17:30:20.839Z", "modified_time": "2016-04-08T17:30:20.839Z"}}, {"model": "advertisements.advertisement", "pk": 30, "fields": {"title": "shoes", "description": "incubate B2C convergence", "price": 150, "phone_number": null, "image": "", "email": "hampsanford@durgan-mante.info", "zipcode": null, "city": 18, "subcategory": 7, "user": null, "created_time": "2016-04-08T17:30:20.844Z", "modified_time": "2016-04-08T17:30:20.844Z"}}, {"model": "advertisements.advertisement", "pk": 31, "fields": {"title": "soap", "description": "embrace granular portals", "price": 140, "phone_number": null, "image": "", "email": "boycerenner@hotmail.com", "zipcode": null, "city": 14, "subcategory": 2, "user": null, "created_time": "2016-04-08T17:30:20.848Z", "modified_time": "2016-04-08T17:30:20.848Z"}}, {"model": "advertisements.advertisement", "pk": 32, "fields": {"title": "washing powder", "description": "embrace granular supply-chains", "price": 161, "phone_number": null, "image": "", "email": "ywill@gmail.com", "zipcode": null, "city": 5, "subcategory": 6, "user": null, "created_time": "2016-04-08T17:30:20.852Z", "modified_time": "2016-04-08T17:30:20.852Z"}}, {"model": "advertisements.advertisement", "pk": 33, "fields": {"title": "sponges", "description": "engineer synergistic relationships", "price": 103, "phone_number": null, "image": "", "email": "aleciaschaefer@gmail.com", "zipcode": null, "city": 6, "subcategory": 9, "user": null, "created_time": "2016-04-08T17:30:20.857Z", "modified_time": "2016-04-08T17:30:20.857Z"}}, {"model": "advertisements.advertisement", "pk": 34, "fields": {"title": "cloths", "description": "transition customized mindshare", "price": 194, "phone_number": null, "image": "", "email": "hamillalicia@barrows-harris.com", "zipcode": null, "city": 13, "subcategory": 1, "user": null, "created_time": "2016-04-08T17:30:20.860Z", "modified_time": "2016-04-08T17:30:20.860Z"}}, {"model": "advertisements.advertisement", "pk": 35, "fields": {"title": "baking trays", "description": "monetize impactful networks", "price": 6, "phone_number": null, "image": "", "email": "wymanmandi@gmail.com", "zipcode": null, "city": 3, "subcategory": 10, "user": null, "created_time": "2016-04-08T17:30:20.865Z", "modified_time": "2016-04-08T17:30:20.865Z"}}, {"model": "advertisements.advertisement", "pk": 36, "fields": {"title": "cake tins", "description": "engage end-to-end experiences", "price": 137, "phone_number": null, "image": "", "email": "meaghanryan@stroman.org", "zipcode": null, "city": 5, "subcategory": 6, "user": null, "created_time": "2016-04-08T17:30:20.868Z", "modified_time": "2016-04-08T17:30:20.868Z"}}, {"model": "advertisements.advertisement", "pk": 37, "fields": {"title": "rugs", "description": "repurpose granular networks", "price": 31, "phone_number": null, "image": "", "email": "river72@yahoo.com", "zipcode": null, "city": 4, "subcategory": 6, "user": null, "created_time": "2016-04-08T17:30:20.873Z", "modified_time": "2016-04-08T17:30:20.873Z"}}, {"model": "advertisements.advertisement", "pk": 38, "fields": {"title": "towels", "description": "mesh integrated markets", "price": 81, "phone_number": null, "image": "", "email": "emmerichwalt@cummings-fahey.info", "zipcode": null, "city": 6, "subcategory": 11, "user": null, "created_time": "2016-04-08T17:30:20.877Z", "modified_time": "2016-04-08T17:30:20.877Z"}}, {"model": "advertisements.advertisement", "pk": 39, "fields": {"title": "quilts", "description": "engage turn-key communities", "price": 14, "phone_number": null, "image": "", "email": "genie96@wunsch-mccullough.com", "zipcode": null, "city": 9, "subcategory": 3, "user": null, "created_time": "2016-04-08T17:30:20.881Z", "modified_time": "2016-04-08T17:30:20.881Z"}}, {"model": "advertisements.advertisement", "pk": 40, "fields": {"title": "mirrors", "description": "deploy clicks-and-mortar eyeballs", "price": 200, "phone_number": null, "image": "", "email": "donn13@gmail.com", "zipcode": null, "city": 18, "subcategory": 12, "user": null, "created_time": "2016-04-08T17:30:20.884Z", "modified_time": "2016-04-08T17:30:20.884Z"}}, {"model": "advertisements.advertisement", "pk": 41, "fields": {"title": "broom/brush", "description": "embrace mission-critical initiatives", "price": 124, "phone_number": null, "image": "", "email": "csenger@hartmann.com", "zipcode": null, "city": 7, "subcategory": 10, "user": null, "created_time": "2016-04-08T17:30:20.888Z", "modified_time": "2016-04-08T17:30:20.888Z"}}, {"model": "advertisements.advertisement", "pk": 42, "fields": {"title": "garbage/rubbish bins", "description": "drive transparent content", "price": 54, "phone_number": null, "image": "", "email": "tkulas@nolan.biz", "zipcode": null, "city": 13, "subcategory": 3, "user": null, "created_time": "2016-04-08T17:30:20.892Z", "modified_time": "2016-04-08T17:30:20.892Z"}}, {"model": "advertisements.advertisement", "pk": 43, "fields": {"title": "paper", "description": "drive viral portals", "price": 116, "phone_number": null, "image": "", "email": "bartolettigiancarlo@eichmann.com", "zipcode": null, "city": 1, "subcategory": 4, "user": null, "created_time": "2016-04-08T17:30:20.896Z", "modified_time": "2016-04-08T17:30:20.897Z"}}, {"model": "advertisements.advertisement", "pk": 44, "fields": {"title": "pens", "description": "unleash turn-key communities", "price": 34, "phone_number": null, "image": "", "email": "amina82@kihn.org", "zipcode": null, "city": 11, "subcategory": 5, "user": null, "created_time": "2016-04-08T17:30:20.900Z", "modified_time": "2016-04-08T17:30:20.900Z"}}, {"model": "advertisements.advertisement", "pk": 45, "fields": {"title": "pencils", "description": "synthesize synergistic ROI", "price": 102, "phone_number": null, "image": "", "email": "lyndsey62@gmail.com", "zipcode": null, "city": 8, "subcategory": 8, "user": null, "created_time": "2016-04-08T17:30:20.904Z", "modified_time": "2016-04-08T17:30:20.904Z"}}, {"model": "advertisements.advertisement", "pk": 46, "fields": {"title": "lights", "description": "benchmark out-of-the-box supply-chains", "price": 59, "phone_number": null, "image": "", "email": "waelchijarrett@yahoo.com", "zipcode": null, "city": 2, "subcategory": 7, "user": null, "created_time": "2016-04-08T17:30:20.910Z", "modified_time": "2016-04-08T17:30:20.910Z"}}, {"model": "advertisements.advertisement", "pk": 47, "fields": {"title": "vaccum", "description": "redefine leading-edge vortals", "price": 47, "phone_number": null, "image": "", "email": "karinaohara@rosenbaum-hauck.net", "zipcode": null, "city": 20, "subcategory": 11, "user": null, "created_time": "2016-04-08T17:30:20.914Z", "modified_time": "2016-04-08T17:30:20.914Z"}}, {"model": "advertisements.advertisement", "pk": 48, "fields": {"title": "pegs", "description": "maximize back-end bandwidth", "price": 67, "phone_number": null, "image": "", "email": "halley09@yahoo.com", "zipcode": null, "city": 18, "subcategory": 2, "user": null, "created_time": "2016-04-08T17:30:20.917Z", "modified_time": "2016-04-08T17:30:20.917Z"}}, {"model": "advertisements.advertisement", "pk": 49, "fields": {"title": "shelves", "description": "productize one-to-one initiatives", "price": 13, "phone_number": null, "image": "", "email": "vandervortcodey@kemmer.com", "zipcode": null, "city": 5, "subcategory": 4, "user": null, "created_time": "2016-04-08T17:30:20.921Z", "modified_time": "2016-04-08T17:30:20.921Z"}}, {"model": "advertisements.advertisement", "pk": 50, "fields": {"title": "toilet roll", "description": "e-enable ubiquitous ROI", "price": 72, "phone_number": null, "image": "", "email": "ned49@stokes.com", "zipcode": null, "city": 7, "subcategory": 1, "user": null, "created_time": "2016-04-08T17:30:20.924Z", "modified_time": "2016-04-08T17:30:20.924Z"}}, {"model": "advertisements.advertisement", "pk": 51, "fields": {"title": "food", "description": "productize killer web-readiness", "price": 67, "phone_number": null, "image": "", "email": "gcrist@ernser-mayer.com", "zipcode": null, "city": 9, "subcategory": 9, "user": null, "created_time": "2016-04-08T17:30:20.930Z", "modified_time": "2016-04-08T17:30:20.930Z"}}, {"model": "advertisements.advertisement", "pk": 52, "fields": {"title": "drink", "description": "deploy revolutionary e-business", "price": 26, "phone_number": null, "image": "", "email": "uschimmel@yahoo.com", "zipcode": null, "city": 17, "subcategory": 4, "user": null, "created_time": "2016-04-08T17:30:20.934Z", "modified_time": "2016-04-08T17:30:20.934Z"}}, {"model": "advertisements.advertisement", "pk": 53, "fields": {"title": "dusters", "description": "expedite virtual solutions", "price": 183, "phone_number": null, "image": "", "email": "audrymarquardt@auer.com", "zipcode": null, "city": 15, "subcategory": 1, "user": null, "created_time": "2016-04-08T17:30:20.939Z", "modified_time": "2016-04-08T17:30:20.939Z"}}, {"model": "advertisements.advertisement", "pk": 54, "fields": {"title": "coasters", "description": "target holistic e-business", "price": 67, "phone_number": null, "image": "", "email": "nonie24@pfannerstill.info", "zipcode": null, "city": 4, "subcategory": 9, "user": null, "created_time": "2016-04-08T17:30:20.943Z", "modified_time": "2016-04-08T17:30:20.943Z"}}, {"model": "advertisements.advertisement", "pk": 55, "fields": {"title": "plants", "description": "revolutionize open-source applications", "price": 77, "phone_number": null, "image": "", "email": "silviahoeger@hotmail.com", "zipcode": null, "city": 14, "subcategory": 2, "user": null, "created_time": "2016-04-08T17:30:20.947Z", "modified_time": "2016-04-08T17:30:20.947Z"}}, {"model": "advertisements.advertisement", "pk": 56, "fields": {"title": "bucket", "description": "engage out-of-the-box deliverables", "price": 5, "phone_number": null, "image": "", "email": "caryn61@wyman.com", "zipcode": null, "city": 11, "subcategory": 10, "user": null, "created_time": "2016-04-08T17:30:20.950Z", "modified_time": "2016-04-08T17:30:20.950Z"}}, {"model": "advertisements.advertisement", "pk": 57, "fields": {"title": "TV", "description": "grow real-time bandwidth", "price": 19, "phone_number": null, "image": "", "email": "kovacekkarly@gmail.com", "zipcode": null, "city": 1, "subcategory": 3, "user": null, "created_time": "2016-04-08T17:30:20.954Z", "modified_time": "2016-04-08T17:30:20.954Z"}}, {"model": "advertisements.advertisement", "pk": 58, "fields": {"title": "DVD player", "description": "incubate bricks-and-clicks systems", "price": 72, "phone_number": null, "image": "", "email": "laytoncarroll@farrell.info", "zipcode": null, "city": 14, "subcategory": 12, "user": null, "created_time": "2016-04-08T17:30:20.957Z", "modified_time": "2016-04-08T17:30:20.957Z"}}, {"model": "advertisements.advertisement", "pk": 59, "fields": {"title": "boxes", "description": "harness ubiquitous platforms", "price": 131, "phone_number": null, "image": "", "email": "dkuvalis@stiedemann-christiansen.info", "zipcode": null, "city": 5, "subcategory": 8, "user": null, "created_time": "2016-04-08T17:30:20.960Z", "modified_time": "2016-04-08T17:30:20.960Z"}}, {"model": "advertisements.advertisement", "pk": 60, "fields": {"title": "clothes hangers", "description": "iterate rich content", "price": 125, "phone_number": null, "image": "", "email": "dejonschamberger@hotmail.com", "zipcode": null, "city": 15, "subcategory": 2, "user": null, "created_time": "2016-04-08T17:30:21.010Z", "modified_time": "2016-04-08T17:30:21.010Z"}}, {"model": "advertisements.advertisement", "pk": 61, "fields": {"title": "tins", "description": "matrix front-end ROI", "price": 192, "phone_number": null, "image": "", "email": "samantharutherford@glover.com", "zipcode": null, "city": 20, "subcategory": 6, "user": null, "created_time": "2016-04-08T17:30:21.014Z", "modified_time": "2016-04-08T17:30:21.014Z"}}, {"model": "advertisements.advertisement", "pk": 62, "fields": {"title": "jewellery", "description": "cultivate wireless action-items", "price": 69, "phone_number": null, "image": "", "email": "deannakonopelski@watsica-osinski.com", "zipcode": null, "city": 19, "subcategory": 10, "user": null, "created_time": "2016-04-08T17:30:21.018Z", "modified_time": "2016-04-08T17:30:21.018Z"}}, {"model": "advertisements.advertisement", "pk": 63, "fields": {"title": "toiletries", "description": "enhance rich methodologies", "price": 119, "phone_number": null, "image": "", "email": "shaunnaaufderhar@botsford.biz", "zipcode": null, "city": 16, "subcategory": 5, "user": null, "created_time": "2016-04-08T17:30:21.021Z", "modified_time": "2016-04-08T17:30:21.021Z"}}, {"model": "advertisements.advertisement", "pk": 64, "fields": {"title": "sheets", "description": "strategize next-generation methodologies", "price": 23, "phone_number": null, "image": "", "email": "kfeil@wolff.biz", "zipcode": null, "city": 8, "subcategory": 8, "user": null, "created_time": "2016-04-08T17:30:21.024Z", "modified_time": "2016-04-08T17:30:21.024Z"}}, {"model": "advertisements.advertisement", "pk": 65, "fields": {"title": "pillows", "description": "whiteboard seamless platforms", "price": 116, "phone_number": null, "image": "", "email": "nklocko@yahoo.com", "zipcode": null, "city": 1, "subcategory": 7, "user": null, "created_time": "2016-04-08T17:30:21.027Z", "modified_time": "2016-04-08T17:30:21.027Z"}}, {"model": "advertisements.advertisement", "pk": 66, "fields": {"title": "pillow cases", "description": "synergize robust info-mediaries", "price": 132, "phone_number": null, "image": "", "email": "coolidgecremin@kreiger.org", "zipcode": null, "city": 18, "subcategory": 8, "user": null, "created_time": "2016-04-08T17:30:21.031Z", "modified_time": "2016-04-08T17:30:21.031Z"}}, {"model": "advertisements.advertisement", "pk": 67, "fields": {"title": "computer/laptop", "description": "syndicate scalable deliverables", "price": 82, "phone_number": null, "image": "", "email": "shawnte84@yahoo.com", "zipcode": null, "city": 5, "subcategory": 5, "user": null, "created_time": "2016-04-08T17:30:21.034Z", "modified_time": "2016-04-08T17:30:21.034Z"}}, {"model": "advertisements.advertisement", "pk": 68, "fields": {"title": "kitchen scales", "description": "maximize bleeding-edge users", "price": 127, "phone_number": null, "image": "", "email": "litzy22@gmail.com", "zipcode": null, "city": 15, "subcategory": 9, "user": null, "created_time": "2016-04-08T17:30:21.038Z", "modified_time": "2016-04-08T17:30:21.038Z"}}, {"model": "advertisements.advertisement", "pk": 69, "fields": {"title": "bathroom scales", "description": "utilize mission-critical web services", "price": 163, "phone_number": null, "image": "", "email": "mbeatty@hotmail.com", "zipcode": null, "city": 3, "subcategory": 6, "user": null, "created_time": "2016-04-08T17:30:21.040Z", "modified_time": "2016-04-08T17:30:21.040Z"}}, {"model": "advertisements.advertisement", "pk": 70, "fields": {"title": "lamps", "description": "re-intermediate global infrastructures", "price": 2, "phone_number": null, "image": "", "email": "waymanherzog@hotmail.com", "zipcode": null, "city": 18, "subcategory": 5, "user": null, "created_time": "2016-04-08T17:30:21.046Z", "modified_time": "2016-04-08T17:30:21.046Z"}}, {"model": "advertisements.advertisement", "pk": 71, "fields": {"title": "doormats", "description": "exploit granular action-items", "price": 109, "phone_number": null, "image": "", "email": "willchas@langosh.net", "zipcode": null, "city": 6, "subcategory": 12, "user": null, "created_time": "2016-04-08T17:30:21.050Z", "modified_time": "2016-04-08T17:30:21.050Z"}}, {"model": "advertisements.advertisement", "pk": 72, "fields": {"title": "blinds ", "description": "synthesize strategic e-services", "price": 89, "phone_number": null, "image": "", "email": "desicummings@hotmail.com", "zipcode": null, "city": 17, "subcategory": 4, "user": null, "created_time": "2016-04-08T17:30:21.054Z", "modified_time": "2016-04-08T17:30:21.054Z"}}, {"model": "admin.logentry", "pk": 1, "fields": {"action_time": "2016-04-07T19:50:37.926Z", "user": 1, "content_type": 8, "object_id": "1", "object_repr": "Category object", "action_flag": 1, "change_message": "Added."}}, {"model": "admin.logentry", "pk": 2, "fields": {"action_time": "2016-04-07T19:51:28.842Z", "user": 1, "content_type": 9, "object_id": "1", "object_repr": "SubCategory object", "action_flag": 1, "change_message": "Added."}}, {"model": "admin.logentry", "pk": 3, "fields": {"action_time": "2016-04-07T19:53:18.291Z", "user": 1, "content_type": 10, "object_id": "1", "object_repr": "broom", "action_flag": 1, "change_message": "Added."}}, {"model": "admin.logentry", "pk": 4, "fields": {"action_time": "2016-04-07T20:47:22.559Z", "user": 1, "content_type": 8, "object_id": "2", "object_repr": "housing", "action_flag": 1, "change_message": "Added."}}, {"model": "admin.logentry", "pk": 5, "fields": {"action_time": "2016-04-07T20:47:27.660Z", "user": 1, "content_type": 8, "object_id": "3", "object_repr": "jobs", "action_flag": 1, "change_message": "Added."}}, {"model": "admin.logentry", "pk": 6, "fields": {"action_time": "2016-04-07T20:47:32.714Z", "user": 1, "content_type": 8, "object_id": "4", "object_repr": "services", "action_flag": 1, "change_message": "Added."}}, {"model": "admin.logentry", "pk": 7, "fields": {"action_time": "2016-04-07T20:47:36.879Z", "user": 1, "content_type": 8, "object_id": "5", "object_repr": "gigs", "action_flag": 1, "change_message": "Added."}}, {"model": "admin.logentry", "pk": 8, "fields": {"action_time": "2016-04-07T20:47:41.286Z", "user": 1, "content_type": 8, "object_id": "6", "object_repr": "community", "action_flag": 1, "change_message": "Added."}}, {"model": "admin.logentry", "pk": 9, "fields": {"action_time": "2016-04-07T20:48:43.484Z", "user": 1, "content_type": 9, "object_id": "2", "object_repr": "activities", "action_flag": 1, "change_message": "Added."}}, {"model": "admin.logentry", "pk": 10, "fields": {"action_time": "2016-04-07T20:48:50.460Z", "user": 1, "content_type": 9, "object_id": "3", "object_repr": "artists", "action_flag": 1, "change_message": "Added."}}, {"model": "admin.logentry", "pk": 11, "fields": {"action_time": "2016-04-07T20:49:04.267Z", "user": 1, "content_type": 9, "object_id": "4", "object_repr": "office", "action_flag": 1, "change_message": "Added."}}, {"model": "admin.logentry", "pk": 12, "fields": {"action_time": "2016-04-07T20:49:10.711Z", "user": 1, "content_type": 9, "object_id": "5", "object_repr": "realestate", "action_flag": 1, "change_message": "Added."}}, {"model": "admin.logentry", "pk": 13, "fields": {"action_time": "2016-04-07T20:49:17.313Z", "user": 1, "content_type": 9, "object_id": "6", "object_repr": "admin", "action_flag": 1, "change_message": "Added."}}, {"model": "admin.logentry", "pk": 14, "fields": {"action_time": "2016-04-07T20:49:26.253Z", "user": 1, "content_type": 9, "object_id": "7", "object_repr": "government", "action_flag": 1, "change_message": "Added."}}, {"model": "admin.logentry", "pk": 15, "fields": {"action_time": "2016-04-07T20:49:39.389Z", "user": 1, "content_type": 9, "object_id": "8", "object_repr": "bikes", "action_flag": 1, "change_message": "Added."}}, {"model": "admin.logentry", "pk": 16, "fields": {"action_time": "2016-04-07T20:49:52.044Z", "user": 1, "content_type": 9, "object_id": "9", "object_repr": "computer", "action_flag": 1, "change_message": "Added."}}, {"model": "admin.logentry", "pk": 17, "fields": {"action_time": "2016-04-07T20:50:10.739Z", "user": 1, "content_type": 9, "object_id": "10", "object_repr": "creative", "action_flag": 1, "change_message": "Added."}}, {"model": "admin.logentry", "pk": 18, "fields": {"action_time": "2016-04-07T20:50:30.033Z", "user": 1, "content_type": 9, "object_id": "11", "object_repr": "automotive", "action_flag": 1, "change_message": "Added."}}, {"model": "admin.logentry", "pk": 19, "fields": {"action_time": "2016-04-07T20:50:40.169Z", "user": 1, "content_type": 9, "object_id": "12", "object_repr": "beauty", "action_flag": 1, "change_message": "Added."}}]